Long Code Stop;Stop;Municipality;Country;Didoc Code;Coordonnées;Actif
_DOAFR;Veigy-Dne - F;VEIGY-FONCENEX;FR;;46.266357, 6.247705;Y
_DOSOS;Soral-Dne - CH;SORAL;CH;;46.136093, 6.035914;Y
AAIN02;Avenue de l'Ain;VERNIER;CH;8593138;46.207893, 6.109096;Y
AERO06;Genève-Aéroport-Terminal;LE GRAND-SACONNEX;CH;8592775;46.23101, 6.110307;Y
AGAZ00;Usine à Gaz;VERNIER;CH;8593174;46.205704, 6.108255;Y
AIVI01;Aire-la-Ville-Centre;AIRE-LA-VILLE;CH;8587028;46.189678, 6.043926;Y
ALVI03;Avully-Village;AVULLY;CH;8587031;46.169571, 6.0015;Y
ATHE01;Athénée;GENÈVE;CH;8592779;46.198406, 6.148546;Y
AUBE00;Aubépine;GENÈVE;CH;8503333;46.187286, 6.147203;Y
AVVE01;Ferney-Avenue de Vessy;FERNEY-VOLTAIRE;FR;1402566;46.263092, 6.112534;Y
BELL00;Bellerive;COLLONGE-BELLERIVE;CH;8592724;46.251785, 6.202594;Y
BFOU00;Bourg-de-Four;GENÈVE;CH;8592792;46.200161, 6.148596;Y
BOQU01;Boqueteaux;VEYRIER;CH;8593193;46.163437, 6.175218;Y
BOUV00;Les Bouveries;CHANCY;CH;8592688;46.151283, 5.975145;Y
BPAQ01;Genève, Bains des Pâquis;GENÈVE;CH;8511621;46.210804, 6.151906;Y
BRET00;Prévessin-Bretonnière;PRÉVESSIN-MOËNS;FR;1401777;46.251343, 6.074185;Y
BTTT00;Belle-Terre-Traité-de-Turin;THÔNEX;CH;8509319;46.203552, 6.213341;Y
BVYL00;Bovy-Lysberg;GENÈVE;CH;8592794;46.202396, 6.142854;Y
BXPL00;Bernex-Place;BERNEX;CH;8587034;46.176777, 6.075806;Y
CABO00;Bains de Cressy;CONFIGNON;CH;8592754;46.185558, 6.087724;Y
CADO00;Cara-Douane;PRESINGE;CH;8593079;46.20903, 6.248219;Y
CALA00;Calas;GENÈVE;CH;8592796;46.189617, 6.151967;Y
CAPI03;Capite;COLLONGE-BELLERIVE;CH;8587069;46.234348, 6.203236;Y
CARO00;Caron;PREGNY-CHAMBÉSY;CH;8593074;46.24469, 6.13788;Y
CARR00;Rue Carrée;SATIGNY;CH;8593100;46.198669, 6.062445;Y
CBAC03;Chemin du Bac;LANCY;CH;8592978;46.194733, 6.113434;Y
CBPI00;Chambésy-Pierrière;PREGNY-CHAMBÉSY;CH;8510219;46.237801, 6.148495;Y
CBRA01;Chambésy-Ravin;PREGNY-CHAMBÉSY;CH;8503320;46.245415, 6.143399;Y
CCLA00;Collège Claparède;CHÊNE-BOUGERIES;CH;8592704;46.190151, 6.186698;Y
CEPR99;Ch. de l'Eperon;CHÊNE-BOUGERIES;CH;8592703;46.204834, 6.18557;Y
CGNY01;Chougny;VANDOEUVRES;CH;8587042;46.218498, 6.197906;Y
CHCQ00;Genève, Chausse-Coq;GENÈVE;CH;8511617;46.199509, 6.148365;Y
CHDO01;Chemin de la Douane;LACONNEX;CH;8592971;46.161587, 6.04427;Y
CHLA02;Châtelaine;VERNIER;CH;8593152;46.212421, 6.112198;Y
CHPR00;Chemin des Princes;COLLONGE-BELLERIVE;CH;8592731;46.233074, 6.201969;Y
CHSE00;Challex-Eglise;CHALLEX;FR;1401651;46.18309, 5.976753;Y
CHVD00;Chevry, Route de Flies;CHEVRY;FR;1402496;46.278931, 6.034878;Y
CHVO01;Ferney-Château;FERNEY-VOLTAIRE;FR;1401735;46.258862, 6.107073;Y
CIRQ00;Cirque;GENÈVE;CH;8592804;46.200779, 6.140016;Y
CLAP00;Place Claparède;GENÈVE;CH;8592805;46.195484, 6.150689;Y
CLDR01;Calandrini;CHÊNE-BOUGERIES;CH;8592692;46.183105, 6.177793;Y
CLLY00;Choully;SATIGNY;CH;8587415;46.22261, 6.027503;Y
CMAR00;Camille-Martin;GENÈVE;CH;8592797;46.206295, 6.117584;Y
COBI00;Colombières;VERSOIX;CH;8593184;46.279598, 6.162218;Y
COCE01;Chêne-Bougeries, Conches-école;CHÊNE-BOUGERIES;CH;8510678;46.189137, 6.177796;Y
COLE01;Collège du Léman;VERSOIX;CH;8595665;46.2906, 6.156353;Y
COLO04;Colovrex;BELLEVUE;CH;8587048;46.256184, 6.134492;Y
CONF00;Confignon-Mairie;CONFIGNON;CH;8587051;46.173538, 6.084616;Y
COPS01;Compesières;BARDONNEX;CH;8587050;46.1516, 6.122378;Y
CORE00;Corbière;CHALLEX;FR;1401652;46.179234, 5.97648;Y
CPEL00;La Chapelle;PLAN-LES-OUATES;CH;8593060;46.171146, 6.135374;Y
CPOI00;Compois;MEINIER;CH;8592999;46.239609, 6.235545;Y
CRBS00;Courbes;ANIÈRES;CH;8592623;46.280739, 6.227187;Y
CRCH00;Croix-en-Champagne;CARTIGNY;CH;8592684;46.172222, 6.033637;Y
CREN00;CO Renard;VERNIER;CH;8593147;46.196281, 6.09391;Y
CRGE04;Carouge-Rondeau;CAROUGE;CH;8587437;46.180744, 6.13824;Y
CRNR00;Cornière;PUPLINGE;CH;8593083;46.208374, 6.240756;Y
CROR01;Crozet, Rond-Point Cabine;CROZET;FR;1402493;46.283127, 6.019729;Y
CVRN01;Chevrens;ANIÈRES;CH;8595016;46.283916, 6.238678;Y
CXEC00;Collex-Ecole;COLLEX-BOSSY;CH;8592720;46.272205, 6.125234;Y
CYNT01;Cessy-Centre;CESSY;FR;1401678;46.31422, 6.066518;Y
CYPR01;Cyprès;THÔNEX;CH;8593110;46.186718, 6.196867;Y
CYSD00;Cessy-Saint-Denis;CESSY;FR;1401682;46.318768, 6.069987;Y
CZPL01;Croix-de-Rozon-Place;BARDONNEX;CH;8592640;46.145607, 6.136502;Y
DADN01;Dardagny-Douane;DARDAGNY;CH;8508038;46.196049, 5.992574;Y
DELC03;Délices;GENÈVE;CH;8592816;46.205242, 6.131837;Y
DJ00;Dépôt Jonction;GENÈVE;CH;;46.201183, 6.125897;Y
ESRT04;Les Esserts;LANCY;CH;8587418;46.188282, 6.114652;Y
FLCE01;Florence;GENÈVE;CH;8592823;46.194099, 6.171877;Y
FOLN00;Foulon;PERLY-CERTOUX;CH;8593044;46.155563, 6.084246;Y
FONT02;Fontenette;CAROUGE;CH;8592674;46.186165, 6.146479;Y
FRAN01;Franchises;GENÈVE;CH;8592826;46.213291, 6.119293;Y
FRRE00;Bois-des-Frères;VERNIER;CH;8593144;46.212563, 6.104874;Y
GAIN01;Gaillardin;CHALLEX;FR;1401655;46.17886, 5.984429;Y
GCHG01;Genève-Champel-Gare;GENÈVE;CH;8592886;46.192249, 6.153252;Y
GCHH01;Genève-Champel-Gare/Hôpital;GENÈVE;CH;8592898;46.193344, 6.151917;Y
GCLB00;Grange-Collomb;CAROUGE;CH;8592675;46.175652, 6.138089;Y
GCMP00;Grand-Champ;VERNIER;CH;8593159;46.202713, 6.101318;Y
GRDL00;Chêne-Bougeries, Gradelle;CHÊNE-BOUGERIES;CH;8587384;46.205368, 6.178703;Y
GRVI00;Meyrin-Gravière;MEYRIN;CH;8594961;46.236454, 6.081702;Y
GSAC00;Grand-Saconnex-Place;LE GRAND-SACONNEX;CH;8587914;46.233799, 6.12349;Y
GSTP00;Grand-Saconnex-Temple;LE GRAND-SACONNEX;CH;8508099;46.234455, 6.127596;Y
HTCH00;Hôpital Trois-Chêne;THÔNEX;CH;8593113;46.209053, 6.214643;Y
ICC01;ICC;MEYRIN;CH;8593014;46.226349, 6.101411;Y
INTR00;Intercontinental;GENÈVE;CH;8592840;46.224808, 6.133429;Y
ISAM02;Mercier;GENÈVE;CH;8592841;46.20723, 6.139525;Y
JJAC01;Jean-Jacques;GENÈVE;CH;8592844;46.204334, 6.125289;Y
JMEL01;Jumelles;THÔNEX;CH;8593114;46.207619, 6.218355;Y
JVIL01;De-Joinville;MEYRIN;CH;8595027;46.224743, 6.107738;Y
JVUY00;Vüy;VEYRIER;CH;8592676;46.176231, 6.148242;Y
LACH00;La Chêna;GY;CH;8592955;46.249378, 6.254521;Y
LADA00;La Dame;COLLONGE-BELLERIVE;CH;8592735;46.250919, 6.21981;Y
LADO01;La Donzelle;DARDAGNY;CH;8592767;46.184425, 6.008168;Y
LAST00;Laconnex-Stand de tir;LACONNEX;CH;8592973;46.15863, 6.037703;Y
LAUB02;Aubert;GENÈVE;CH;8592849;46.191929, 6.163611;Y
LAVC00;L'Avenir-Croisée;PRESINGE;CH;8595227;46.217854, 6.237295;Y
LAVE02;L'Avenir;PRESINGE;CH;8507420;46.220139, 6.239888;Y
LMLD99;Les Maladières;SATIGNY;CH;8593096;46.224331, 6.063933;Y
LOCH02;En Louche;PERLY-CERTOUX;CH;8593047;46.157246, 6.096776;Y
LOVR00;Loveré;VANDOEUVRES;CH;8593134;46.209, 6.201361;Y
LUGE00;Lully-Village;BERNEX;CH;8592656;46.164433, 6.073512;Y
LULY00;Lully-Croisée;BERNEX;CH;8587076;46.162849, 6.070612;Y
MACP00;Malval-Chapelle;DARDAGNY;CH;8595950;46.209988, 5.993486;Y
MAIL01;Maillard;MEYRIN;CH;8595026;46.228741, 6.064951;Y
MANU00;Manufactures;PLAN-LES-OUATES;CH;8595036;46.164951, 6.105507;Y
MEPR01;Meinier-Pralys;MEINIER;CH;8593004;46.243702, 6.226442;Y
MILE01;Miléant;GENÈVE;CH;8592858;46.204739, 6.127975;Y
MLGN01;Malagny;GENTHOD;CH;8592933;46.271523, 6.159189;Y
MLPT00;Malpertuis;BERNEX;CH;8592659;46.182278, 6.064179;Y
MNEU00;Maisons-Neuves;CORSIER;CH;8592763;46.261368, 6.230316;Y
MOLL00;Mollaz;LACONNEX;CH;8592972;46.154221, 6.03357;Y
MOUI00;La Mouille;VEYRIER;CH;8593200;46.165035, 6.183597;Y
MTBL01;Mont-Blanc;GENÈVE;CH;8592864;46.207634, 6.146643;Y
MURA02;Murailles;MEINIER;CH;8593003;46.242096, 6.245305;Y
MUVO01;Musée Voltaire;GENÈVE;CH;8592869;46.207363, 6.134158;Y
NATI01;Nations;GENÈVE;CH;8587058;46.222172, 6.139;Y
ONCI02;Onex-Cité;ONEX;CH;8593030;46.189613, 6.099088;Y
ORMA00;Ormeaux;GENÈVE;CH;8592873;46.206154, 6.136519;Y
ORRO00;Ornex-Les Roussets;ORNEX;FR;1401768;46.263596, 6.102728;Y
OXFR00;Ornex-Fruitière;ORNEX;FR;1401767;46.272522, 6.09619;Y
PALE09;Palettes;LANCY;CH;8592988;46.176601, 6.122189;Y
PBAL02;Petit-Bel-Air;CHÊNE-BOURG;CH;8592711;46.203243, 6.202672;Y
PDRI00;Pont-de-Drize;TROINEX;CH;8593125;46.163391, 6.149388;Y
PEIL00;Peillonnex;CHÊNE-BOURG;CH;8592709;46.19397, 6.196508;Y
PELO01;La Pelotière;VERSOIX;CH;8593187;46.27449, 6.164297;Y
PIGR01;Genthod-Pierre-Grise;GENTHOD;CH;8503085;46.261127, 6.148084;Y
PLEV03;Place des Eaux-Vives;GENÈVE;CH;8592883;46.201859, 6.155746;Y
PLPA00;Plainpalais;GENÈVE;CH;8587907;46.198063, 6.143022;Y
PNEV02;Place de Neuve;GENÈVE;CH;8592885;46.200996, 6.143795;Y
POGA00;Pougny-Gare;POUGNY;FR;1401775;46.143749, 5.960643;Y
POMI00;Le Pommier;LE GRAND-SACONNEX;CH;8592945;46.230591, 6.124876;Y
PPIN01;Plateau de Pinchat;VEYRIER;CH;8587036;46.171932, 6.142361;Y
PREL00;La Prêle;COLLEX-BOSSY;CH;8592721;46.267471, 6.125127;Y
PRGM00;Meyrin-Gare;MEYRIN;CH;8595029;46.22171, 6.077002;Y
PRPI01;Pré-Picot;COLOGNY;CH;8507355;46.203934, 6.175056;Y
PUMA00;Puplinge-Mairie;PUPLINGE;CH;8587086;46.210922, 6.232018;Y
PYMA00;Pregny-Mairie;PREGNY-CHAMBÉSY;CH;8593077;46.237469, 6.141281;Y
QUID00;Quidort;LANCY;CH;8592995;46.193638, 6.12363;Y
RAVI00;Ravières;PERLY-CERTOUX;CH;8595034;46.154903, 6.094011;Y
RBAU00;Rouelbeau;MEINIER;CH;8595674;46.24662, 6.219491;Y
RCOR01;Route de Corsinge;MEINIER;CH;8593006;46.246445, 6.236949;Y
REPE01;Repentance;COLLONGE-BELLERIVE;CH;8592738;46.255249, 6.223305;Y
RIAN00;Riant-Parc;GENÈVE;CH;8592893;46.221527, 6.119197;Y
RIVE04;Rive;GENÈVE;CH;8587061;46.202026, 6.153488;Y
ROBH00;Bernex-Hainard;BERNEX;CH;8508128;46.176025, 6.066215;Y
ROUL01;Le Roulave;DARDAGNY;CH;8503419;46.20134, 5.981316;Y
ROUS00;Collège Rousseau;GENÈVE;CH;8592809;46.218033, 6.120825;Y
RTTE00;Rochette;ONEX;CH;8593042;46.182953, 6.101921;Y
SCEC01;Sainte-Cécile;MEYRIN;CH;8593019;46.235424, 6.083089;Y
SCLO01;Sainte-Clotilde;GENÈVE;CH;8592908;46.19931, 6.13343;Y
SGGA00;Sergy-Gare;SERGY;FR;1401097;46.248966, 6.01053;Y
SGNY02;Ségny-Centre;SÉGNY;FR;1401800;46.297409, 6.074366;Y
SIER00;Sierne;VEYRIER;CH;8593213;46.177021, 6.179604;Y
SIGL00;SIG Lignon;VERNIER;CH;8593171;46.205906, 6.104389;Y
SJHU00;Saint-Julien-Hutins;SAINT-JULIEN-EN-GENEVOIS;FR;1401797;46.148335, 6.086031;Y
SODO00;Soral, douane;SORAL;CH;8510608;46.137108, 6.036121;Y
SOLE01;Le Soleil;CORSIER;CH;8592762;46.259346, 6.227883;Y
SOPR01;Sous Pressy;VANDOEUVRES;CH;8508113;46.227066, 6.209623;Y
SRVE00;Serves;PLAN-LES-OUATES;CH;8593068;46.167057, 6.132895;Y
STAL01;De-Staël;LANCY;CH;8592670;46.17588, 6.132192;Y
STND03;Stand;GENÈVE;CH;8592906;46.20414, 6.140182;Y
STRC00;Stade Trois-Chêne;CHÊNE-BOURG;CH;8592716;46.192291, 6.192323;Y
SYCS00;Satigny-Centre sportif;SATIGNY;CH;8595228;46.210098, 6.035628;Y
SYEG00;Satigny-Temple;SATIGNY;CH;8593103;46.218292, 6.030543;Y
TCAR01;Carouge-Tours;CAROUGE;CH;8587037;46.18259, 6.136188;Y
THMA01;Thoiry-Mairie;THOIRY;FR;1402567;46.236298, 5.980433;Y
TLIG02;Lignon-Tours;VERNIER;CH;8593173;46.200802, 6.093307;Y
TRBL01;Trèfle-Blanc;PLAN-LES-OUATES;CH;8593070;46.171516, 6.125251;Y
TRNT07;Tronchet;THÔNEX;CH;8593116;46.195385, 6.205246;Y
TRSI02;Terrassière;GENÈVE;CH;8592910;46.200729, 6.155241;Y
TUIL00;La Tuilière;AVUSY;CH;8592635;46.149277, 6.006435;Y
TVDO00;Thônex-Vallard;THÔNEX;CH;8593124;46.189163, 6.199946;Y
VACC00;Vandoeuvres-Centre communal;VANDOEUVRES;CH;8508248;46.223907, 6.205923;Y
VALY06;Bernex-Vailly;BERNEX;CH;8508134;46.175156, 6.061639;Y
VAND00;Vandoeuvres-Village;VANDOEUVRES;CH;8587094;46.221416, 6.20296;Y
VEGR03;Vernier-Gare/Renfile;VERNIER;CH;8593169;46.21999, 6.096047;Y
VELO01;Vélodrome;PLAN-LES-OUATES;CH;8593071;46.167439, 6.115858;Y
VRAS01;Veyrier-Rasses;VEYRIER;CH;8593211;46.166622, 6.178601;Y
VREC01;Veyrier-Ecole;VEYRIER;CH;8587906;46.167675, 6.183187;Y
VSNA01;Vésenaz-Village;COLLONGE-BELLERIVE;CH;8587097;46.239429, 6.197467;Y
VSUI01;Village-Suisse;GENÈVE;CH;8592923;46.201454, 6.135983;Y
VUIL00;Bernex-Vuillonnex;BERNEX;CH;8592665;46.17783, 6.078966;Y
VVRA00;Valavran;BELLEVUE;CH;8592649;46.256763, 6.139432;Y
VXAR01;Versoix-Argand;VERSOIX;CH;8593182;46.28627, 6.160517;Y
WEND01;Wendt;GENÈVE;CH;8592928;46.211769, 6.127521;Y
ZIMG00;ZIMEYSA-Gare;MEYRIN;CH;8593011;46.220123, 6.065208;Y
ZIMO03;ZIMOGA;VERNIER;CH;8593180;46.219604, 6.076795;Y
ZIPL03;ZIPLO;PLAN-LES-OUATES;CH;8593073;46.166023, 6.101804;Y
_BSDNF;Bossy-Dne - F;VERSONNEX;FR;;46.286907, 6.104478;Y
_BSDNS;Bossy-Dne - CH;COLLEX-BOSSY;CH;;46.287045, 6.104423;Y
_HEDOS;Hermance-Dne - CH;HERMANCE;CH;;46.302792, 6.247491;Y
ADOU00;Prévessin-Ancienne-Douane;PRÉVESSIN-MOËNS;FR;1401776;46.247616, 6.079414;Y
AJEN01;Jeandin;THÔNEX;CH;8593106;46.190308, 6.198431;Y
ANCI01;Ancienne;CAROUGE;CH;8592668;46.18111, 6.140731;Y
ANMA01;Anières-Mairie;ANIÈRES;CH;8595010;46.274727, 6.227606;Y
APCB02;Archamps-Pont de Combe;ARCHAMPS;FR;1401637;46.139343, 6.129002;Y
APIA03;Appia;GENÈVE;CH;8588196;46.227661, 6.138014;Y
AREN00;Genève-Aéroport, gare-Arena;LE GRAND-SACONNEX;CH;8592935;46.233391, 6.112635;Y
ATPA03;Athenaz-Passeiry;AVUSY;CH;8592638;46.156116, 6.002087;Y
ATVI01;Athenaz-Village;AVUSY;CH;8587030;46.154594, 6.00706;Y
AVPP00;Aire-la-Ville-Pont-de-Peney;AIRE-LA-VILLE;CH;8592619;46.193054, 6.043671;Y
BAIR01;Bel-Air;GENÈVE;CH;8587387;46.204826, 6.143483;Y
BANS00;Bains;GENÈVE;CH;8592782;46.199856, 6.137421;Y
BARA01;Les Baraques;CHALLEX;FR;1401656;46.176193, 5.986094;Y
BARD01;Barde;VERNIER;CH;8593142;46.20694, 6.09896;Y
BDOU00;Bourdigny-Douane;SATIGNY;CH;8593092;46.229622, 6.038573;Y
BLAN00;Blanche;GENÈVE;CH;8592789;46.189182, 6.143104;Y
BLTE01;La Belotte;COLOGNY;CH;8592747;46.235199, 6.193739;Y
BOHT05;Bouchet;VERNIER;CH;8592791;46.216553, 6.119292;Y
BXEG01;Bernex-Eglise;BERNEX;CH;8592650;46.174458, 6.0708;Y
CBGO05;Chêne-Bourg-Gare-Place;CHÊNE-BOURG;CH;8592708;46.197384, 6.195315;Y
CBPL00;Chambésy-Place;PREGNY-CHAMBÉSY;CH;8593076;46.241936, 6.143599;Y
CETX01;Certoux, village;PERLY-CERTOUX;CH;8593045;46.155983, 6.081582;Y
CHLX01;Choulex;CHOULEX;CH;8587043;46.222969, 6.222782;Y
CIMT01;Cimetière Saint-Georges;LANCY;CH;8592979;46.197041, 6.115449;Y
CLGE00;Collonge;COLLONGE-BELLERIVE;CH;8587045;46.254341, 6.205311;Y
CLVI00;Saint-Genis-Clos des Vignes;SAINT-GENIS-POUILLY;FR;1401789;46.240948, 6.016731;Y
CNAE00;Chênaie;BELLEVUE;CH;8592930;46.258389, 6.149511;Y
_PLDOS;La Plaine-Dne - CH;DARDAGNY;CH;;46.177296, 5.991193;Y
AIRE01;Aïre;VERNIER;CH;8593137;46.201004, 6.10324;Y
ALEC00;Avully-Ecole;AVULLY;CH;8592627;46.167469, 6.004689;Y
ALGE01;Avully-Gennecy;AVULLY;CH;8592630;46.168194, 5.996097;Y
AMDO01;Amandolier;GENÈVE;CH;8592778;46.200069, 6.16767;Y
ANCH01;Anières-Chavannes;ANIÈRES;CH;8592621;46.28299, 6.229057;Y
ARAR01;Arare;PLAN-LES-OUATES;CH;8593050;46.165424, 6.111478;Y
ATTV00;Attenville;LE GRAND-SACONNEX;CH;8592936;46.228016, 6.114256;Y
AUGS00;Augustins;GENÈVE;CH;8592780;46.192169, 6.143913;Y
AVIA01;Aviateurs;PLAN-LES-OUATES;CH;8593064;46.169643, 6.120402;Y
AVMG00;Avusy-Moulin-de-la-Grave;AVUSY;CH;8595012;46.150494, 5.993574;Y
BADO00;Badosse;PLAN-LES-OUATES;CH;8593052;46.155956, 6.124189;Y
BAUD10;Curé-Baud;LANCY;CH;8592982;46.17524, 6.116122;Y
BESS00;Bessinge;COLOGNY;CH;8592740;46.224377, 6.191835;Y
BHET02;Lancy-Bachet-Gare;LANCY;CH;8587075;46.173714, 6.129174;Y
BLDO03;Blandonnet;VERNIER;CH;8587924;46.221951, 6.097385;Y
BOLX01;Bouleaux;VERNIER;CH;8593146;46.209999, 6.073393;Y
BOND01;La Blonde;VANDOEUVRES;CH;8593132;46.215637, 6.194536;Y
BORN00;Bornes;PRESINGE;CH;8593080;46.207024, 6.244972;Y
BOSY01;Bossy;COLLEX-BOSSY;CH;8587035;46.279156, 6.114504;Y
BTNI01;Butini;GENÈVE;CH;8592795;46.216675, 6.14775;Y
BXGU01;Bernex-Guillon;BERNEX;CH;8592664;46.172241, 6.060742;Y
BXMA00;Bernex-Mairie;BERNEX;CH;8592657;46.175404, 6.073225;Y
CAAM01;Carre-d'Amont;MEINIER;CH;8587925;46.23597, 6.216813;Y
CANI00;Vésenaz-Californie;COLLONGE-BELLERIVE;CH;8592730;46.24049, 6.209463;Y
CANO01;Canonnière;GENÈVE;CH;8592798;46.215004, 6.134105;Y
CBOI01;Chemin des Bois;VEYRIER;CH;8593195;46.163567, 6.168754;Y
CCAP01;Crêts-de-La-Capite;COLLONGE-BELLERIVE;CH;8592732;46.235653, 6.207848;Y
CCHA00;Crêts-de-Champel;GENÈVE;CH;8592813;46.187157, 6.15924;Y
CEAU00;Eaumorte croisée;CARTIGNY;CH;8592685;46.166103, 6.025015;Y
CFLO00;Crêts-de-Florissant;CHÊNE-BOUGERIES;CH;8592691;46.186901, 6.170244;Y
CFOU00;Chemin des Fours;COLOGNY;CH;8587046;46.217587, 6.18341;Y
CHNE03;Chêne-Bougeries, Village;CHÊNE-BOUGERIES;CH;8592699;46.197563, 6.189934;Y
CHOR01;Centre Horticole;JUSSY;CH;8592960;46.223858, 6.250294;Y
CHRM01;Charmilles;GENÈVE;CH;8592802;46.208347, 6.12816;Y
CLIG01;Lignon-Cité;VERNIER;CH;8593154;46.203747, 6.09817;Y
COCH00;Chêne-Bougeries, Conches place;CHÊNE-BOUGERIES;CH;8587900;46.184666, 6.173806;Y
COMA01;Collonges-Marché;COLLONGES-SOUS-SALÈVE;FR;1401636;46.141911, 6.138648;Y
COSO00;Courson;ANIÈRES;CH;8595009;46.282658, 6.236382;Y
COVI00;Corsinge-Village;MEINIER;CH;8587054;46.240307, 6.244592;Y
CRCO00;Confignon-Croisée;CONFIGNON;CH;8587386;46.178661, 6.08897;Y
CTGY01;Cartigny-Village;CARTIGNY;CH;8587038;46.173004, 6.020006;Y
CTMI03;Contamines;GENÈVE;CH;8592810;46.195816, 6.155837;Y
CVIN01;Gare Cornavin;GENÈVE;CH;8587057;46.210144, 6.142825;Y
CVUE00;Claire-Vue;LANCY;CH;8592980;46.195313, 6.122708;Y
DARD01;Dardagny-Château;DARDAGNY;CH;8587055;46.194027, 5.994817;Y
DEHA01;De Haller;CHÊNE-BOURG;CH;8592707;46.19978, 6.196867;Y
DWES01;De-Westerweller;VANDOEUVRES;CH;8593130;46.212383, 6.211354;Y
EPIN02;Epinettes;GENÈVE;CH;8592822;46.190704, 6.136733;Y
FEMA01;Ferney-Mairie;FERNEY-VOLTAIRE;FR;1400679;46.255814, 6.108315;Y
FEPO01;Ferney, Poterie;FERNEY-VOLTAIRE;FR;1401736;46.252361, 6.116634;Y
FOAN01;Anières-Foyer;ANIÈRES;CH;8592761;46.271725, 6.23294;Y
GAUT01;Gautier;GENÈVE;CH;8592830;46.213467, 6.150367;Y
GAVA01;Gavard;CAROUGE;CH;8592667;46.185772, 6.135828;Y
GPRE01;Grand-Pré;GENÈVE;CH;8592832;46.216305, 6.130302;Y
GRAN02;Grangettes;CHÊNE-BOUGERIES;CH;8592694;46.198578, 6.182527;Y
GSMO00;Grand-Saconnex, Morillons;LE GRAND-SACONNEX;CH;8511665;46.230438, 6.130683;Y
GSON01;Graveson;THÔNEX;CH;8593112;46.193245, 6.200929;Y
GTCH01;Genthod-Chênes;GENTHOD;CH;8510220;46.264862, 6.148255;Y
GTOR01;Genthod-Centre ornithologique;GENTHOD;CH;8510221;46.264526, 6.146278;Y
GVRI00;Genévrière;ONEX;CH;8593034;46.179825, 6.109016;Y
JADA01;Musée d'art et d'histoire;GENÈVE;CH;8592851;46.199413, 6.150699;Y
JARB02;Jardin Botanique;GENÈVE;CH;8592843;46.222836, 6.148772;Y
JOCT01;Jonction;GENÈVE;CH;8587062;46.201046, 6.129981;Y
LADM00;Landecy-La Mûre;BARDONNEX;CH;8595013;46.142456, 6.133057;Y
LERO02;Le Rolliet;PLAN-LES-OUATES;CH;8592984;46.171211, 6.107724;Y
LOLA00;Loëx-Lanance;BERNEX;CH;8592655;46.199001, 6.083335;Y
LUCH03;Bernex-Luchepelet;BERNEX;CH;8508130;46.177929, 6.073044;Y
MACH03;Machéry;LE GRAND-SACONNEX;CH;8592946;46.244019, 6.12878;Y
MALG00;Meyrin, Marais-Long;MEYRIN;CH;8511626;46.236511, 6.089805;Y
MASS01;Massettes;LE GRAND-SACONNEX;CH;8592948;46.223309, 6.114073;Y
MATH00;Thônex-Mairie;THÔNEX;CH;8593117;46.188087, 6.198365;Y
MDRZ00;Moulins-de-Drize;PLAN-LES-OUATES;CH;8593062;46.167679, 6.140416;Y
MFER03;Machefer;VERSOIX;CH;8503046;46.272644, 6.14108;Y
MOIL08;Moillesulaz;THÔNEX;CH;8593118;46.19244, 6.205884;Y
MRIC00;Moulin-de-Richelien;COLLEX-BOSSY;CH;8595675;46.280861, 6.137326;Y
MUET01;Musée d'ethnographie;GENÈVE;CH;8592868;46.198025, 6.136428;Y
NANT01;Le Nant;LE GRAND-SACONNEX;CH;8592647;46.246452, 6.128488;Y
OUCH00;Les Ouches;GENÈVE;CH;8595020;46.210262, 6.117319;Y
PEUP00;Peupliers;JUSSY;CH;8592967;46.238674, 6.280556;Y
PGRA01;Petite-Grave;CARTIGNY;CH;8587072;46.173454, 6.041557;Y
PHIL00;Philosophes;GENÈVE;CH;8592881;46.196659, 6.146165;Y
PLIO02;Saint-Genis-Lion;SAINT-GENIS-POUILLY;FR;1401791;46.242123, 6.025038;Y
PLOU00;Plan-les-Ouates-Mairie;PLAN-LES-OUATES;CH;8587083;46.168663, 6.118198;Y
POEM00;Thoiry-Pôle Emploi;THOIRY;FR;1401809;46.237686, 6.011397;Y
PONT03;Pontets;LANCY;CH;8592992;46.173267, 6.123551;Y
PRSM01;Sous-Moulin;THÔNEX;CH;8588310;46.19054, 6.192519;Y
PYVI01;Pregny-Village;PREGNY-CHAMBÉSY;CH;8587084;46.234745, 6.139426;Y
RPOS01;Le Reposoir;VEYRIER;CH;8593202;46.169327, 6.177982;Y
RSMA00;Collonge-Bellerive, Pré-d'Orsat;COLLONGE-BELLERIVE;CH;8592727;46.256851, 6.20794;Y
RUNO01;Russin-Noirettes;RUSSIN;CH;8593090;46.193241, 6.016538;Y
SCHA01;Seuchat;COLLEX-BOSSY;CH;8592722;46.273903, 6.122727;Y
SEUJ00;Seujet;GENÈVE;CH;8592904;46.203949, 6.132179;Y
SEZG01;Sézegnin-Village;AVUSY;CH;8587089;46.144176, 6.011293;Y
SGBO00;Sergy-Centre;SERGY;FR;1401801;46.252789, 5.999238;Y
SHUM01;Saint-Genis-Schuman;SAINT-GENIS-POUILLY;FR;1401793;46.242607, 6.034647;Y
SIMO01;Collège Sismondi;GENÈVE;CH;8592905;46.220943, 6.14161;Y
SJDO01;Saint-Julien-Douane;SAINT-JULIEN-EN-GENEVOIS;FR;1401004;46.150677, 6.089028;Y
SLEG00;Genève, Saint-Léger;GENÈVE;CH;8511618;46.198421, 6.147561;Y
SLSI01;La Salésienne;VEYRIER;CH;8593201;46.168873, 6.180544;Y
SONN00;Sonnex;LE GRAND-SACONNEX;CH;8503331;46.228542, 6.123409;Y
SSCH02;Sous-Chevrens;ANIÈRES;CH;8592622;46.286968, 6.234704;Y
SVEY02;Vessy-Stand de tir;VEYRIER;CH;8593214;46.174271, 6.169968;Y
SYCM00;Satigny-Champ Magnin;SATIGNY;CH;8507416;46.21677, 6.036142;Y
SYMA01;Satigny-Mairie;SATIGNY;CH;8593101;46.216564, 6.031767;Y
TMOU01;Terre Mousson;SATIGNY;CH;8593105;46.197346, 6.056052;Y
TRIZ00;Triaz;HERMANCE;CH;8592957;46.295971, 6.243149;Y
TRLL01;La Traille;ONEX;CH;8593029;46.184402, 6.094178;Y
TRTI02;Tunnel Routier;LE GRAND-SACONNEX;CH;8592953;46.244034, 6.123385;Y
UNIM99;Uni-Mail;GENÈVE;CH;8592915;46.195499, 6.141982;Y
VATH01;Thoiry-Centre commercial;THOIRY;FR;1401257;46.22707, 5.992463;Y
VEMA00;Vernier-Marché;VERNIER;CH;8593176;46.215282, 6.081828;Y
VERB00;Verbant;PLAN-LES-OUATES;CH;8595038;46.157276, 6.125582;Y
VESY00;Vessy-Plateau;VEYRIER;CH;8593216;46.176384, 6.159661;Y
VIDO00;Vidollet;GENÈVE;CH;8592921;46.21777, 6.136591;Y
VLON01;Vallon;CHÊNE-BOUGERIES;CH;8592701;46.192528, 6.1815;Y
VRBE00;Varembé;GENÈVE;CH;8592917;46.22052, 6.14009;Y
VSEG01;Vésenaz-Eglise;COLLONGE-BELLERIVE;CH;8592733;46.237865, 6.199162;Y
VTRN03;Veyrier-Tournettes;VEYRIER;CH;8589097;46.163326, 6.17882;Y
VTTE00;Villette;CHÊNE-BOUGERIES;CH;8592702;46.181541, 6.181623;Y
VXSI01;Versoix-La Scie;VERSOIX;CH;8593186;46.274559, 6.167967;Y
VXVV02;Vieux-Valavran;BELLEVUE;CH;8592934;46.259346, 6.146466;Y
ZIMW00;ZIMEYSA-Ouest;SATIGNY;CH;8595952;46.221027, 6.052469;Y
_HEDOF;Hermance-Dne - F;CHENS-SUR-LÉMAN;FR;;46.302719, 6.247532;Y
ABBA00;Presinge, L'Abbaye;PRESINGE;CH;8592965;46.222214, 6.251443;Y
AGVR00;Aigues-Vertes;BERNEX;CH;8587901;46.199169, 6.074883;Y
AIVC01;Aire-la-Ville-Croisée;AIRE-LA-VILLE;CH;8595556;46.188377, 6.045864;Y
ANDO00;Anières-Douane;ANIÈRES;CH;8592624;46.268623, 6.238289;Y
ARME00;Armes;CAROUGE;CH;8592669;46.186932, 6.140528;Y
AUBI00;Merle-d'Aubigné;GENÈVE;CH;8592854;46.206688, 6.161853;Y
BALX00;Balexert;VERNIER;CH;8593141;46.218582, 6.110221;Y
BASL00;Basselat;PRESINGE;CH;8595039;46.214951, 6.250474;Y
BLID00;Belle-Idée-Centre;THÔNEX;CH;8593107;46.207157, 6.20993;Y
BOCH01;Bois-Chatton;VERSONNEX;FR;1401814;46.295822, 6.099846;Y
BOVE02;La Boverie;SATIGNY;CH;8587419;46.208435, 6.027947;Y
BUTN00;Pont-Butin;VERNIER;CH;8593167;46.20406, 6.108516;Y
CAMP01;Campanules;VERNIER;CH;8593148;46.196709, 6.099392;Y
CBET00;Combettes;VEYRIER;CH;8593196;46.169632, 6.143775;Y
CCOL01;Cologny-Croisée;COLOGNY;CH;8587047;46.212494, 6.184577;Y
CDPR00;Pregny-Palud;PREGNY-CHAMBÉSY;CH;8508288;46.237137, 6.13574;Y
CERN02;CERN;MEYRIN;CH;8587918;46.233551, 6.055248;Y
CFIL01;Plan-les-Ouates, Champ-Filles;PLAN-LES-OUATES;CH;8593056;46.167599, 6.109975;Y
CFUS01;Saint-Genis-Champ-Fusy;SAINT-GENIS-POUILLY;FR;1401788;46.246262, 6.027888;Y
CHAR01;Charrot;BARDONNEX;CH;8592644;46.147736, 6.118924;Y
CHMA01;La Chaumaz;RUSSIN;CH;8593088;46.204678, 6.002219;Y
CHNY00;Satigny, Champvigny;SATIGNY;CH;8503330;46.220539, 6.034853;Y
CHVR00;Chevrier;CHOULEX;CH;8587382;46.22052, 6.224975;Y
CING00;Camping Bois-de-Bay;SATIGNY;CH;8593093;46.200043, 6.064989;Y
CIPO00;Corsier-Port;CORSIER;CH;8592760;46.264492, 6.214681;Y
CLNO00;Choully-Nord;SATIGNY;CH;8508093;46.22477, 6.03035;Y
CLYS00;Chemin des Clys;BELLEVUE;CH;8592645;46.249954, 6.130219;Y
CMOL00;Clos du Môlan;COLOGNY;CH;8592743;46.205349, 6.183368;Y
CMRE01;Communes-Réunies;PLAN-LES-OUATES;CH;8593057;46.171066, 6.123034;Y
CORB01;Corbillettes;LE GRAND-SACONNEX;CH;8592939;46.225086, 6.11158;Y
CORD00;Concorde;GENÈVE;CH;8595018;46.205544, 6.114388;Y
CRMV00;Cartigny-Moulin-de-Vert;CARTIGNY;CH;8592687;46.175102, 6.022023;Y
CRTE01;Crête;VANDOEUVRES;CH;8593129;46.217834, 6.210557;Y
CVER01;Chemin Vert;VEYRIER;CH;8593194;46.173607, 6.140585;Y
CYCM00;Cessy-Côte du Moralay;CESSY;FR;1401684;46.318005, 6.071513;Y
CYVI00;Chancy-Village;CHANCY;CH;8587040;46.150169, 5.969803;Y
CZDN01;Croix-de-Rozon-Douane;BARDONNEX;CH;8587070;46.144066, 6.137432;Y
DLAY03;Delay;VERNIER;CH;8593156;46.218338, 6.079295;Y
DOLE01;Dôle;GENÈVE;CH;8592818;46.208691, 6.131547;Y
ECU01;Ecu;VERNIER;CH;8593157;46.209839, 6.10529;Y
EMED00;Ecole-de-Médecine;GENÈVE;CH;8592819;46.197617, 6.13925;Y
FAVR02;Place Favre;CHÊNE-BOURG;CH;8592713;46.195793, 6.193227;Y
FENE01;La Fenêtre;GENÈVE;CH;8592847;46.230087, 6.13863;Y
FEUL00;Feuillat;BARDONNEX;CH;8592642;46.148666, 6.112534;Y
FOES00;Fontanettes;CHALLEX;FR;1401654;46.181057, 5.982415;Y
FOSA02;Fossard;THÔNEX;CH;8593111;46.18457, 6.191386;Y
FRDI01;Fraidieu;COLOGNY;CH;8592745;46.221001, 6.187855;Y
FRMI01;Saint-Genis-Mitterrand;SAINT-GENIS-POUILLY;FR;1401792;46.250332, 6.029261;Y
GCHN02;Gros-Chêne;ONEX;CH;8593035;46.190048, 6.103288;Y
GDON01;Grand-Donzel;VEYRIER;CH;8593198;46.172707, 6.165614;Y
GEVB00;Genève-Eaux-Vives-Gare/Bloch;GENÈVE;CH;8592865;46.203068, 6.166122;Y
GLOU01;Galeries du Loup;ONEX;CH;8593033;46.185204, 6.101385;Y
GRCA01;Grand-Cara;PRESINGE;CH;8593081;46.212238, 6.251545;Y
GSMA02;Grand-Saconnex-Mairie;LE GRAND-SACONNEX;CH;8592947;46.235954, 6.12721;Y
GTVI00;Genthod-Village;GENTHOD;CH;8587064;46.264866, 6.155597;Y
GXAI00;Gex-L'Aiglette;GEX;FR;1401756;46.338017, 6.073282;Y
GXPO00;Gex-Centre;GEX;FR;1400719;46.331879, 6.059552;Y
HACH00;Bernex, Chèvres;BERNEX;CH;8592654;46.19968, 6.076308;Y
HAMA01;Prévessin-Hauts de Magny;PRÉVESSIN-MOËNS;FR;1401779;46.25481, 6.087121;Y
JUBE01;Jussy-Bellebouche;JUSSY;CH;8592959;46.237766, 6.276351;Y
JUCH01;Jussy-Château;JUSSY;CH;8592962;46.237144, 6.270021;Y
KRIG00;Krieg;GENÈVE;CH;8592846;46.193779, 6.160757;Y
LHCY01;Cessy-Les Hauts;CESSY;FR;1401679;46.32502, 6.065297;Y
LOEX00;Loëx-Hôpital;BERNEX;CH;8587903;46.198849, 6.085761;Y
MAIX01;Maisonnex;MEYRIN;CH;8593018;46.232128, 6.060302;Y
MALA02;Malagnou;CHÊNE-BOUGERIES;CH;8587056;46.193302, 6.176974;Y
MAON00;Maison Onésienne;ONEX;CH;8593037;46.189255, 6.101519;Y
MAPA00;Maison de la Paix;GENÈVE;CH;8592825;46.220104, 6.145414;Y
MARG00;Marguerite;ANIÈRES;CH;8592626;46.272869, 6.220707;Y
MATE02;Maternité-Pédiatrie;GENÈVE;CH;8592853;46.191322, 6.146071;Y
MEES01;Meinier-Essert;MEINIER;CH;8595673;46.244785, 6.223773;Y
METR00;Métropole;GENÈVE;CH;8592856;46.203381, 6.151448;Y
MTER01;Maison du Terroir;BERNEX;CH;8595014;46.165905, 6.076077;Y
MTTA00;Motta;GENÈVE;CH;8592867;46.219982, 6.135255;Y
NAIS00;Nant-d'Aisy;ANIÈRES;CH;8592764;46.270802, 6.219144;Y
ONMA01;Onex-Marché;ONEX;CH;8593038;46.19199, 6.103395;Y
PBOC01;Pont-Bochet;THÔNEX;CH;8593109;46.209824, 6.216815;Y
PLEY01;Palais Eynard;GENÈVE;CH;8595021;46.200092, 6.146719;Y
POCH00;Port Choiseul;VERSOIX;CH;8593190;46.28907, 6.165759;Y
POUS01;Peney-Dessous;SATIGNY;CH;8587388;46.200817, 6.043875;Y
PPLA02;Ornex-Prénépla;ORNEX;FR;1401769;46.269447, 6.0982;Y
PPOL01;Pré-Polly;BERNEX;CH;8592662;46.161789, 6.067441;Y
PRBE03;Bernex-P+R;BERNEX;CH;8592660;46.178398, 6.082513;Y
PREC00;Pregnin, école;SAINT-GENIS-POUILLY;FR;1402497;46.266186, 6.039332;Y
PUFR00;Puplinge-Frémis;PUPLINGE;CH;8593084;46.212017, 6.229078;Y
PXPO01;Palexpo;LE GRAND-SACONNEX;CH;8592950;46.233307, 6.118484;Y
RDAY00;Roday;PLAN-LES-OUATES;CH;8593055;46.162575, 6.138867;Y
REVE00;Reverdin;GENÈVE;CH;8592892;46.190231, 6.150346;Y
RUTH01;Ruth;COLOGNY;CH;8592751;46.227116, 6.184694;Y
SADN01;Sauverny-Douane;VERSOIX;CH;8595670;46.311378, 6.120393;Y
SAMA00;Sauverny-Martinet;VERSOIX;CH;8595671;46.313976, 6.123186;Y
SARV00;Saconnex-d'Arve;PLAN-LES-OUATES;CH;8593067;46.159977, 6.124972;Y
SERV01;Servette;GENÈVE;CH;8592903;46.213684, 6.129872;Y
SGLO01;Sergy-Les Longets;SERGY;FR;1401802;46.250607, 6.00446;Y
SLOU00;Saut-du-Loup;CHÊNE-BOURG;CH;8592715;46.201786, 6.200372;Y
TABO00;Taboret;SATIGNY;CH;8593104;46.204628, 6.023472;Y
TRMB03;Trembley;GENÈVE;CH;8592913;46.218445, 6.125636;Y
VEGY00;Veigy-Village;VEIGY-FONCENEX;FR;1401813;46.269089, 6.25788;Y
VIUS01;Vieusseux;GENÈVE;CH;8592922;46.215092, 6.124927;Y
VLAI01;Valais;GENÈVE;CH;8592916;46.21666, 6.14118;Y
VOLL01;Vollandes;GENÈVE;CH;8592925;46.205124, 6.160231;Y
WTC01;WTC;MEYRIN;CH;8592929;46.229305, 6.106473;Y
_CYDNF;Chancy-Dne_F;POUGNY;FR;;46.144291, 5.964744;Y
_LADNS;Landecy-Dne - CH;BARDONNEX;CH;;46.141899, 6.132539;Y
_PEDOS;Perly-Dne - CH;PERLY-CERTOUX;CH;;46.151379, 6.089943;Y
_PLDOF;La Plaine-Dne - F;CHALLEX;FR;;46.177319, 5.991244;Y
31DC00;31 Décembre;GENÈVE;CH;8592773;46.201679, 6.161931;Y
AGLA01;Prévessin-Les Aglands;PRÉVESSIN-MOËNS;FR;1401780;46.254604, 6.067879;Y
AJUR00;Ferney, centre;FERNEY-VOLTAIRE;FR;1401732;46.258194, 6.113211;Y
ALMA00;Avully-Martinet;AVULLY;CH;8592628;46.158741, 5.986507;Y
ANRS01;Anières-Village;ANIÈRES;CH;8587029;46.276901, 6.223159;Y
ATEC02;Athenaz-Ecole;AVUSY;CH;8592632;46.155296, 6.004077;Y
AUMO01;Aumônes;PUPLINGE;CH;8593082;46.210426, 6.234906;Y
BCRE01;Baulacre;GENÈVE;CH;8592785;46.216457, 6.139293;Y
BELI01;Bellevue-Limites;BELLEVUE;CH;8510154;46.261311, 6.143554;Y
BISE00;La Bise;COLLONGE-BELLERIVE;CH;8592734;46.243443, 6.198595;Y
BLOC00;Château-Bloch;VERNIER;CH;8593151;46.208778, 6.098876;Y
_GSDNF;Grand-Saconnex-Dne - F;FERNEY-VOLTAIRE;FR;;46.248657, 6.120783;Y
ACLP00;Avusy-Creux-du-Loup;AVUSY;CH;8595011;46.151794, 5.995663;Y
AE4700;Aéroport-P47;LE GRAND-SACONNEX;CH;8596098;46.240807, 6.12201;Y
AIVT00;Aire-la-Ville-Treulaz;AIRE-LA-VILLE;CH;8592620;46.185917, 6.045357;Y
ALBA01;Avully-Bachères;AVULLY;CH;8595953;46.164612, 5.992372;Y
ALPE00;Alpes;GENÈVE;CH;8592777;46.208992, 6.147272;Y
_DOACH;Veigy-Dne - CH;ANIÈRES;CH;;46.266506, 6.247455;Y
_MOILS;Moillesulaz - CH;THÔNEX;CH;;46.192303, 6.206948;Y
_PEDOF;Perly-Dne - F;SAINT-JULIEN-EN-GENEVOIS;FR;;46.15131, 6.08962;Y
POLT01;Thoiry-Place en Poulet;THOIRY;FR;1401808;46.247482, 5.989664;Y
PPAL00;Prés-Palais;CORSIER;CH;8592765;46.266872, 6.216754;Y
PRLA00;La Pralay;GENTHOD;CH;8592932;46.268585, 6.15835;Y
PRRI01;Prairie;GENÈVE;CH;8592890;46.208565, 6.135931;Y
PSAC01;Petit-Saconnex;GENÈVE;CH;8592880;46.223125, 6.1284;Y
PSGE03;Presinge-Village;PRESINGE;CH;8587085;46.21944, 6.253228;Y
PSIE01;Pont de Sierne;VEYRIER;CH;8593210;46.178596, 6.182016;Y
PSTA00;Parc Stagni;CHÊNE-BOUGERIES;CH;8592698;46.195576, 6.186573;Y
PVRT00;Place Verte;VEYRIER;CH;8593209;46.169598, 6.156402;Y
RANN01;Route d'Annecy;BARDONNEX;CH;8592643;46.15416, 6.139184;Y
REPO00;Chambésy, Le Reposoir;PREGNY-CHAMBÉSY;CH;8511628;46.231533, 6.149545;Y
RIPP01;Rippaz;COLOGNY;CH;8592750;46.228653, 6.196702;Y
RVTT00;Rivolette;TROINEX;CH;8593126;46.1679, 6.144866;Y
SANT00;Saint-Antoine;GENÈVE;CH;8592907;46.199936, 6.150908;Y
SION00;Sionnet;JUSSY;CH;8592970;46.23357, 6.250704;Y
SJCE00;Saint-Julien-Centre;SAINT-JULIEN-EN-GENEVOIS;FR;1401233;46.144707, 6.081966;Y
STGE06;Grand-Lancy, Stade de Genève;LANCY;CH;8588802;46.178894, 6.128544;Y
SUMO01;Sur-le-Moulin;AVUSY;CH;8592639;46.14365, 6.019293;Y
SVON00;Savonnière (Hôpital de Bellerive);COLLONGE-BELLERIVE;CH;8592728;46.258259, 6.209684;Y
SYPO01;Satigny-Poste;SATIGNY;CH;8593102;46.213696, 6.033267;Y
THRE01;Théâtre;GENÈVE;CH;8595022;46.202316, 6.141963;Y
TOUV01;Touvière;AVULLY;CH;8592631;46.175152, 5.997778;Y
VACA01;Vernier, Avanchets-Casaï;VERNIER;CH;8593158;46.221931, 6.111238;Y
VARV00;Val-d'Arve;CAROUGE;CH;8592682;46.184624, 6.150297;Y
WEBR00;Weber;GENÈVE;CH;8592927;46.196926, 6.163105;Y
BOCA01;Bois-Caran;COLLONGE-BELLERIVE;CH;8592725;46.248055, 6.200617;Y
CCVT00;Croix-de-Chavant;CONFIGNON;CH;8592756;46.172394, 6.082844;Y
CODN00;Colladon;GENÈVE;CH;8592808;46.223022, 6.123762;Y
CREL00;Crest-d'El;COLLEX-BOSSY;CH;8503040;46.26667, 6.130544;Y
CYRA01;Chancy-Raclerets;CHANCY;CH;8592689;46.149628, 5.972406;Y
DADT01;Dardagny-Route de Malval;DARDAGNY;CH;8508036;46.199829, 5.984829;Y
EDVA00;Vallet;ONEX;CH;8593031;46.185028, 6.090846;Y
FILI00;Fillion;CAROUGE;CH;8592673;46.177998, 6.144872;Y
FORU01;Forumeyrin;MEYRIN;CH;8593010;46.230526, 6.081137;Y
GAMI00;Gaillard-Millet;GAILLARD;FR;1400017;46.191376, 6.216245;Y
GDHA01;Grand-Hangar;MEYRIN;CH;8593012;46.224415, 6.09984;Y
GEVV02;Genève-Eaux-Vives-Gare/Vadier;GENÈVE;CH;8507347;46.202827, 6.16964;Y
GFAQ02;Grange-Falquet;CHÊNE-BOUGERIES;CH;8592706;46.198284, 6.185605;Y
GOS01;Gos;GENÈVE;CH;8592776;46.188034, 6.154297;Y
GUYE00;Guye;GENÈVE;CH;8592835;46.208981, 6.123506;Y
HGEN00;Genthod, Les Hauts;GENTHOD;CH;8503049;46.269302, 6.146619;Y
HOPI03;Hôpital;GENÈVE;CH;8592837;46.194721, 6.149501;Y
INDT01;Industrielle;GENÈVE;CH;8592839;46.190495, 6.133992;Y
LEVE00;Plage du Vengeron;PREGNY-CHAMBÉSY;CH;8507414;46.245895, 6.151999;Y
MAGE00;Maison-Rouge;SATIGNY;CH;8593097;46.206051, 6.01886;Y
MAHA01;Malval-Hameau;DARDAGNY;CH;8592771;46.210911, 5.989186;Y
MIRE00;Miremont;GENÈVE;CH;8592860;46.189178, 6.156654;Y
MORL02;Grand-Saconnex, Crêts-Morillon;LE GRAND-SACONNEX;CH;8592940;46.228725, 6.127527;Y
MPAR01;Maison des Parlements;LE GRAND-SACONNEX;CH;8592852;46.226002, 6.123821;Y
MUGE00;Muguets;VEYRIER;CH;8593206;46.171261, 6.160131;Y
MYRN01;Meyrin-Village;MEYRIN;CH;8593026;46.228817, 6.072183;Y
OMSB00;Genève, OMS-BIT;GENÈVE;CH;8587904;46.231285, 6.133831;Y
ONEX02;Onex-Salle communale;ONEX;CH;8587080;46.183533, 6.098771;Y
PAGN00;Thoiry-Place d'Allemogne;THOIRY;FR;1402570;46.244385, 5.983625;Y
PAIL03;Balexert-Pailly;VERNIER;CH;8593165;46.220577, 6.114542;Y
PARC00;Parc et plage des Eaux-Vives;GENÈVE;CH;8592876;46.209572, 6.167747;Y
PASS00;La Passe;CARTIGNY;CH;8592686;46.169968, 6.021497;Y
PBRU00;Ferney-Planche-Brûlée;FERNEY-VOLTAIRE;FR;1401740;46.255138, 6.100549;Y
PEMA00;Perly-Mairie;PERLY-CERTOUX;CH;8593048;46.155472, 6.089919;Y
PETR00;Petray;COLLONGE-BELLERIVE;CH;8592737;46.245544, 6.206937;Y
PEVI03;Perly-Village;PERLY-CERTOUX;CH;8587081;46.156376, 6.092668;Y
PRCE01;Prévessin-CERN;PRÉVESSIN-MOËNS;FR;1401782;46.254128, 6.060058;Y
PRMA01;Bernex-Pré-Marais;BERNEX;CH;8508132;46.179611, 6.078145;Y
PRUL00;Prulay;MEYRIN;CH;8595031;46.232014, 6.075124;Y
PSUS00;Peney-Dessus;SATIGNY;CH;8595672;46.200329, 6.036799;Y
PTLA01;Petit-Lancy-Place;LANCY;CH;8587082;46.190575, 6.119545;Y
PTLU00;Petit-Lullier;JUSSY;CH;8507424;46.233013, 6.267984;Y
PVEY02;Petit-Veyrier;VEYRIER;CH;8593207;46.170052, 6.182213;Y
QARV00;Queue-d'Arve;GENÈVE;CH;8592891;46.195438, 6.13;Y
RIEU98;Rieu;GENÈVE;CH;8592894;46.195274, 6.164258;Y
RIGO01;Genève-Sécheron-Gare;GENÈVE;CH;8592895;46.223339, 6.144352;Y
RUSS00;Russin-Village;RUSSIN;CH;8587087;46.188591, 6.013693;Y
SECH01;Perle du Lac;GENÈVE;CH;8592902;46.220501, 6.150032;Y
SERF00;Sézegnin-Le Renfort;AVUSY;CH;8592636;46.144245, 6.009532;Y
SEYM01;Seymaz;CHÊNE-BOUGERIES;CH;8592700;46.206841, 6.201216;Y
SGAN00;Saint-Genis, Allondon Nord;SAINT-GENIS-POUILLY;FR;1402499;46.263687, 6.030743;Y
SGCE00;Saint-Genis-Théâtre;SAINT-GENIS-POUILLY;FR;1401794;46.242382, 6.022218;Y
SILO00;Sillons;THÔNEX;CH;8593122;46.200706, 6.215712;Y
SISM99;L.-Sismondi;CHÊNE-BOUGERIES;CH;8592696;46.20219, 6.195815;Y
SMAU00;Saint-Maurice;COLLONGE-BELLERIVE;CH;8587433;46.253395, 6.216642;Y
SORB02;Sorbier;VERNIER;CH;8593172;46.216728, 6.068624;Y
SRMA01;Soral-Mairie;SORAL;CH;8587091;46.142788, 6.040414;Y
STLO01;Saint-Loup;VERSOIX;CH;8595666;46.282566, 6.154453;Y
SYGA01;Satigny-Gare;SATIGNY;CH;8587389;46.214474, 6.03755;Y
TVER00;Taverney;LE GRAND-SACONNEX;CH;8592952;46.230595, 6.117176;Y
UBER01;Lancy-Hubert;LANCY;CH;8592986;46.193069, 6.109522;Y
VECR01;Vernier-Gare/Croisette;VERNIER;CH;8593155;46.219044, 6.092868;Y
VEVI00;Vernier-Village;VERNIER;CH;8593177;46.212498, 6.078956;Y
VIEG00;Viry-Eglise;VIRY;FR;1401843;46.118889, 6.037326;Y
VILL00;Villereuse;GENÈVE;CH;8592924;46.2006, 6.158743;Y
VLRS00;Velours;GENÈVE;CH;8592918;46.189404, 6.167284;Y
VRMT01;Vermont;GENÈVE;CH;8592919;46.219387, 6.138276;Y
VROT00;Veyrot;MEYRIN;CH;8593025;46.226894, 6.061381;Y
VSNX00;Versonnex-Village;VERSONNEX;FR;1402571;46.301231, 6.095157;Y
VXBO01;Versoix-Bourg;VERSOIX;CH;8593191;46.277081, 6.167415;Y
VXGA00;Versoix-Gare;VERSOIX;CH;8587095;46.279648, 6.165382;Y
_DOANF;Anières-Dne - F;VEIGY-FONCENEX;FR;;46.272854, 6.242827;Y
_DOANS;Anières-Dne - CH;ANIÈRES;CH;;46.272888, 6.242735;Y
MLER01;Milière;VEYRIER;CH;8593205;46.165691, 6.157789;Y
MLIN00;Le Moulin;DARDAGNY;CH;8592769;46.181499, 6.00735;Y
MTFL01;Montfleury;VERSOIX;CH;8593188;46.291451, 6.163692;Y
NAVI01;Navigation;GENÈVE;CH;8592871;46.211781, 6.149591;Y
OBGE01;Observatoire de Genève;VERSOIX;CH;8595668;46.303707, 6.132418;Y
PLEC00;La Plaine-Ecole;DARDAGNY;CH;8592768;46.177925, 6.003338;Y
PMIO00;Petit-Miolan;CHOULEX;CH;8592718;46.220367, 6.218329;Y
PREV00;Prévessin-Moëns-Mairie;PRÉVESSIN-MOËNS;FR;1401005;46.254574, 6.081095;Y
BMON00;Bout-du-Monde;GENÈVE;CH;8592793;46.181938, 6.157057;Y
BRDX00;Bardonnex, village;BARDONNEX;CH;8587033;46.148983, 6.104319;Y
BSOU02;Bourdigny-Dessous;SATIGNY;CH;8595040;46.223049, 6.038937;Y
BSSY00;Bassy;ANIÈRES;CH;8595008;46.278767, 6.230383;Y
BTPA00;Belle-Terre-Place-de-l'Araire;THÔNEX;CH;8509321;46.206123, 6.218117;Y
BUGN00;Bugnons;MEYRIN;CH;8595458;46.235943, 6.077294;Y
BVRD00;Bonvard;CHOULEX;CH;8592717;46.232658, 6.211118;Y
CAVX00;Canal de Versoix;VERSOIX;CH;8595663;46.280598, 6.159184;Y
CBFO02;Chambésy-Fontaine;PREGNY-CHAMBÉSY;CH;8587039;46.243732, 6.140936;Y
CBRI00;De-Chateaubriand;GENÈVE;CH;8592803;46.216724, 6.151158;Y
CDSU00;Champ-Dollon-Sud;CHOULEX;CH;8595229;46.213593, 6.221086;Y
CHLXST;Choulex Stationnement;CHOULEX;CH;8587043;46.222553, 6.221274;Y
CLVP00;Chêne-Bougeries, Vert-Pré;CHÊNE-BOUGERIES;CH;8510679;46.187046, 6.176575;Y
COCU00;Cocuaz;VANDOEUVRES;CH;8593128;46.211025, 6.206616;Y
COUT02;Coutance;GENÈVE;CH;8592812;46.207325, 6.142012;Y
CROE00;Crozet, école;CROZET;FR;1402492;46.278481, 6.015167;Y
CXAB07;Croix d'Ambilly;AMBILLY;FR;1400019;46.192551, 6.223331;Y
CYUS01;Chancy-Usine;CHANCY;CH;8592690;46.156643, 5.981411;Y
DRIZ01;Drize;VEYRIER;CH;8595139;46.169937, 6.140324;Y
ESTR00;Essertines;DARDAGNY;CH;8592766;46.205235, 5.986952;Y
ETCB00;Etang-Casa Bamba;VERNIER;CH;8508109;46.219055, 6.103108;Y
RCPS00;Route de Compois;MEINIER;CH;8593005;46.23753, 6.242539;Y
RORE00;Roselière;BELLEVUE;CH;8503243;46.254528, 6.141367;Y
ROUE01;Rouette;CHOULEX;CH;8592719;46.231068, 6.212812;Y
SUSE01;Susette;LE GRAND-SACONNEX;CH;8592951;46.237587, 6.123553;Y
THGA01;Thoiry-Gare;THOIRY;FR;1401807;46.231853, 5.97976;Y
VRLP00;Vireloup;COLLEX-BOSSY;CH;8592723;46.263828, 6.124736;Y
VRVI01;Veyrier-Village;VEYRIER;CH;8593212;46.168518, 6.184501;Y
VXLA00;Versoix-Lachenal;VERSOIX;CH;8593181;46.28389, 6.16309;Y
VXST01;Versoix-Stand de tir;VERSOIX;CH;8595664;46.297619, 6.143519;Y
PLTA00;Planta;VANDOEUVRES;CH;8593136;46.214214, 6.190603;Y
PTAR02;Pont-d'Arve;GENÈVE;CH;8592887;46.195049, 6.14299;Y
PXPH00;Palexpo-Halle 7;LE GRAND-SACONNEX;CH;8592937;46.23595, 6.115815;Y
RLAC00;Rue du Lac;GENÈVE;CH;8592900;46.203529, 6.157521;Y
SJSN04;Saint Julien, gare;SAINT-JULIEN-EN-GENEVOIS;FR;1401852;46.142418, 6.086229;Y
MUSE03;Muséum;GENÈVE;CH;8592870;46.198193, 6.158593;Y
PCEA01;Pont-Céard-Gare;VERSOIX;CH;8593189;46.28775, 6.162624;Y
PFON00;Pré-de-la-Fontaine;SATIGNY;CH;8593099;46.224155, 6.055254;Y
PLLT02;Pallanterie;COLLONGE-BELLERIVE;CH;8587071;46.24688, 6.215893;Y
PMAR00;Puplinge-Marquis;PUPLINGE;CH;8593087;46.213375, 6.234413;Y
PRMO00;Pré-Monnard;LANCY;CH;8592993;46.186295, 6.116579;Y
PRVG01;Veigy-Douane;VEIGY-FONCENEX;FR;1401326;46.276146, 6.246297;Y
PSUD01;Plein-Sud;THÔNEX;CH;8593121;46.202221, 6.218308;Y
PUBR01;Puplinge-Brolliets;PUPLINGE;CH;8507418;46.21455, 6.233492;Y
RICH01;Richelien;VERSOIX;CH;8595667;46.283081, 6.146512;Y
RMOU01;Rue des Mouettes;CAROUGE;CH;8592680;46.189018, 6.137097;Y
SELI00;Sellières;VERNIER;CH;8593170;46.1982, 6.101352;Y
SGAS01;Saint-Genis, Allondon Sud;SAINT-GENIS-POUILLY;FR;1402500;46.254734, 6.027071;Y
TACO00;Taconnerie;GENÈVE;CH;8592909;46.200829, 6.148114;Y
TXMA01;Troinex-Mairie;TROINEX;CH;8587093;46.160023, 6.148263;Y
VUAT00;Vuattes;PLAN-LES-OUATES;CH;8593072;46.168736, 6.121991;Y
BOLA00;Bois-du-Lan;MEYRIN;CH;8594933;46.227261, 6.078016;Y
CBGA00;Chambésy-Gare;PREGNY-CHAMBÉSY;CH;8503247;46.243137, 6.147513;Y
CHAV00;Chavannes-des-Bois;CHAVANNES-DES-BOIS;CH;8588298;46.314785, 6.132787;Y
CHCL00;Vernier-Champ-Claude;VERNIER;CH;8593150;46.21777, 6.08839;Y
CTNT01;Cottenets;BERNEX;CH;8592652;46.162373, 6.058764;Y
CXCE01;Collex-Centre;COLLEX-BOSSY;CH;8587044;46.27005, 6.122276;Y
CYTE01;Cologny-Temple;COLOGNY;CH;8592752;46.216404, 6.181519;Y
DE00;Dépôt En-Chardon;MEYRIN;CH;;46.223877, 6.089961;Y
DODE01;La Dode;CONFIGNON;CH;8592758;46.181133, 6.095527;Y
ETOI03;Lancy-Pont-Rouge-Gare/Etoile;CAROUGE;CH;8592679;46.187595, 6.127558;Y
FAUC00;Saint-Genis-CERN Alice;SAINT-GENIS-POUILLY;FR;1401787;46.250763, 6.025567;Y
FTAI01;Foretaille;PREGNY-CHAMBÉSY;CH;8593075;46.244541, 6.134719;Y
GAEV04;Genève-Eaux-Vives-Gare;GENÈVE;CH;8592829;46.200161, 6.163962;Y
GALI00;Gaillard-Libération;GAILLARD;FR;1400015;46.191723, 6.21112;Y
PRTN01;Printanière;AVULLY;CH;8592629;46.173481, 6.005528;Y
PTBI00;Pointe à la Bise;COLLONGE-BELLERIVE;CH;8507430;46.244865, 6.193544;Y
RENN00;Genthod-Rennex;GENTHOD;CH;8503080;46.267624, 6.149941;Y
SEVI01;Sézenove-Village;BERNEX;CH;8595043;46.164238, 6.056554;Y
SVIL00;Sous-Villette;THÔNEX;CH;8593123;46.181469, 6.188179;Y
TGIN02;Tougin-Hôpital;GEX;FR;1401811;46.325222, 6.057396;Y
TXVI01;Troinex-Ville;TROINEX;CH;8588195;46.15926, 6.144644;Y
VEEC01;Vernier-Ecole;VERNIER;CH;8593175;46.216396, 6.085844;Y
VERN00;Vernes;MEYRIN;CH;8593023;46.23391, 6.075167;Y
VRNT00;Vernets;GENÈVE;CH;8592920;46.192818, 6.134428;Y
_DOSOF;Soral-Dne - F;VIRY;FR;;46.136097, 6.035887;Y
BLHE01;Centre sportif du Blanché;LE GRAND-SACONNEX;CH;8592938;46.240627, 6.128407;Y
BLHE02;Centre sportif du Blanché;PREGNY-CHAMBÉSY;CH;8592938;46.242302, 6.130663;Y
CLCO00;Clinique La Colline;GENÈVE;CH;8595999;46.191425, 6.150239;Y
CLJO00;Prévessin-Collège Le Joran;PRÉVESSIN-MOËNS;FR;1401778;46.255684, 6.072689;Y
CRIG00;Chemin du Righi;COLOGNY;CH;8592742;46.216404, 6.17675;Y
CRSY00;Cressy;BERNEX;CH;8592755;46.182308, 6.088258;Y
GAIU00;La Gabiule;COLLONGE-BELLERIVE;CH;8592726;46.259995, 6.212564;Y
GCHP02;Genève-Champel-Gare/Peschier;GENÈVE;CH;8592878;46.194107, 6.154348;Y
GDLA03;Grand-Lancy-Place du 1er-Août;LANCY;CH;8592983;46.182709, 6.119243;Y
GIAC00;Giacometti;LE GRAND-SACONNEX;CH;8592899;46.227337, 6.119575;Y
GYBA00;Baraque-à-Cloud;GY;CH;8595457;46.247562, 6.257128;Y
HTOU01;Hôpital de La Tour;MEYRIN;CH;8593013;46.230145, 6.067496;Y
JMON01;Saint-Genis-Jean Monnet;SAINT-GENIS-POUILLY;FR;1401031;46.244923, 6.023046;Y
JPSA01;De-Sauvage;VERNIER;CH;8593161;46.213337, 6.103364;Y
LABL01;La Blanche;VANDOEUVRES;CH;8593131;46.219143, 6.208325;Y
LAIT00;Plan-les-Ouates, Laiteries;PLAN-LES-OUATES;CH;8511188;46.168243, 6.106243;Y
LAVI00;Laconnex-Village;LACONNEX;CH;8587074;46.15596, 6.036515;Y
LFOR01;Le-Fort;COLOGNY;CH;8592748;46.208931, 6.180409;Y
LOMB00;Lombard;GENÈVE;CH;8592848;46.195595, 6.147214;Y
MAZE01;Mazettes;VANDOEUVRES;CH;8593135;46.214352, 6.215146;Y
MEMA00;Meyrin-Mairie;MEYRIN;CH;8595028;46.233452, 6.080442;Y
MGRE01;Montalègre;COLOGNY;CH;8592749;46.221226, 6.180086;Y
MIDE02;Mon-Idée;PUPLINGE;CH;8593119;46.204731, 6.222152;Y
MONN00;Jussy, Monniaz;JUSSY;CH;8592966;46.241848, 6.306122;Y
MOTU00;Monthoux;GENÈVE;CH;8592866;46.210621, 6.148348;Y
MRES01;Moulières;SATIGNY;CH;8593098;46.216877, 6.061583;Y
MRLG01;Merlinge;MEINIER;CH;8593002;46.248711, 6.247391;Y
MSQU00;Montesquiou;ONEX;CH;8593039;46.181095, 6.105967;Y
NADA02;Nant-d'Avril;SATIGNY;CH;8504812;46.225746, 6.056924;Y
PEDO00;Perly-Douane;PERLY-CERTOUX;CH;8593046;46.152336, 6.09089;Y
PENT00;Penthes;PREGNY-CHAMBÉSY;CH;8593078;46.232235, 6.138761;Y
PJAR03;Pré-Jardinier;PLAN-LES-OUATES;CH;8595037;46.163139, 6.127499;Y
PLDI01;Palladium;GENÈVE;CH;8592874;46.20306, 6.133859;Y
PLDO00;La Plaine-Douane;DARDAGNY;CH;8594947;46.177662, 5.991533;Y
PLNT00;Planet;BELLEVUE;CH;8592648;46.258381, 6.127578;Y
PR4701;Grand-Saconnex, P+R;LE GRAND-SACONNEX;CH;8592949;46.239471, 6.123262;Y
PRFR01;Pregnin, Fruitière;SAINT-GENIS-POUILLY;FR;1402498;46.261234, 6.041418;Y
PRGR01;Progrès;VERNIER;CH;8593168;46.210499, 6.075234;Y
AVQO00;Avusy-Les Quoattes;AVUSY;CH;8592637;46.152771, 5.995366;Y
BAUM00;Baumgartner;CAROUGE;CH;8593199;46.172001, 6.139186;Y
BGRI01;Les Bougeries;VANDOEUVRES;CH;8593133;46.218792, 6.214775;Y
BLCH00;Blanchards;BERNEX;CH;8592651;46.197998, 6.079978;Y
BMOL01;Bellevue-Mollies;BELLEVUE;CH;8503218;46.25185, 6.151365;Y
BNDL01;Bandol;ONEX;CH;8593027;46.186012, 6.106793;Y
BOGA00;Bois-Galland;COLLONGE-BELLERIVE;CH;8592729;46.246838, 6.212653;Y
BOIS00;Boissier;COLOGNY;CH;8592741;46.233212, 6.191283;Y
BRGE00;Bergère;SATIGNY;CH;8504813;46.223736, 6.057339;Y
BTEC01;Belle-Terre-Ecole;THÔNEX;CH;8509315;46.202099, 6.210109;Y
CAND00;Ferney-Bois Candide;FERNEY-VOLTAIRE;FR;1401733;46.244942, 6.09403;Y
CCAR01;Champ-Carré;PLAN-LES-OUATES;CH;8595035;46.164825, 6.13963;Y
CDOL04;Champ-Dollon;CHOULEX;CH;8595225;46.216042, 6.223468;Y
CGGA00;Creux-de-Genthod, gare;GENTHOD;CH;8511287;46.26445, 6.161898;Y
CHEC00;Challex-Ecole;CHALLEX;FR;1401647;46.179863, 5.970259;Y
CHLE00;Chens-sur-Léman;CHENS-SUR-LÉMAN;FR;1401186;46.314999, 6.265401;Y
CHTE01;Prévessin-Terraillet;PRÉVESSIN-MOËNS;FR;1401783;46.255543, 6.095182;Y
CNDA00;Canada;VERNIER;CH;8593149;46.208828, 6.070288;Y
COLX00;Ferney-Levant;FERNEY-VOLTAIRE;FR;1401738;46.260517, 6.114932;Y
CRRY00;Crédery;SATIGNY;CH;8593095;46.21949, 6.022152;Y
CYMA00;Cologny-Mairie;COLOGNY;CH;8587385;46.219296, 6.185185;Y
DB00;Dépôt Bachet;LANCY;CH;;46.175346, 6.131608;Y
ECOG00;Ecogia;VERSOIX;CH;8593185;46.291908, 6.154064;Y
ETAN00;Etang-Place;VERNIER;CH;8508108;46.216557, 6.104568;Y
FESA01;Ferme Sarasin;LE GRAND-SACONNEX;CH;8592942;46.2327, 6.121883;Y
FLLH00;Flies, Le Haut;CROZET;FR;1402495;46.277962, 6.031503;Y
FRET00;Fret;LE GRAND-SACONNEX;CH;8592943;46.238251, 6.118222;Y
GEBE01;Genthod-Bellevue-Gare;GENTHOD;CH;8587065;46.256985, 6.153358;Y
GRES00;Grésy;PUPLINGE;CH;8593085;46.208363, 6.230403;Y
GROT00;Grottes;GENÈVE;CH;8592834;46.21233, 6.137978;Y
HTAI00;Saint-Genis-Hautains;SAINT-GENIS-POUILLY;FR;1401790;46.244556, 6.026414;Y
JBRT01;Berthet;CONFIGNON;CH;8592757;46.183235, 6.09093;Y
JUMR01;Jussy-Meurets;JUSSY;CH;8587068;46.236515, 6.272096;Y
JURE01;Jurets;CHOULEX;CH;8595226;46.218399, 6.231892;Y
LAMA00;Lancy-Mairie;LANCY;CH;8587902;46.183933, 6.121661;Y
LBUR01;Burgy;LANCY;CH;8592985;46.180614, 6.113284;Y
LCRE01;Les Crêts;TROINEX;CH;8588801;46.165371, 6.146868;Y
LIBE00;Libellules;VERNIER;CH;8593162;46.208752, 6.107481;Y
LUPL01;Lullier-Plantais;JUSSY;CH;8507426;46.229858, 6.259626;Y
MANC00;Mancy;COLLONGE-BELLERIVE;CH;8592736;46.241653, 6.201177;Y
MARB01;Les Marbriers;LANCY;CH;8592997;46.196484, 6.117666;Y
MATG00;Mategnin;MEYRIN;CH;8594946;46.240166, 6.086952;Y
MEGL01;Meinier-Eglise;MEINIER;CH;8593001;46.246563, 6.233692;Y
MLBA00;Moillebeau;GENÈVE;CH;8592861;46.220341, 6.129129;Y
MLRD00;Molard;GENÈVE;CH;8592862;46.203964, 6.148441;Y
MOLE00;Môle;GENÈVE;CH;8592863;46.213367, 6.145483;Y
MONT02;Annemasse-Parc Montessuit;ANNEMASSE;FR;1400021;46.194225, 6.23104;Y
MSNT01;Maisonnette;BERNEX;CH;8592658;46.16328, 6.049005;Y
MYST01;Meyrin, Stierlin;MEYRIN;CH;8511627;46.238178, 6.092641;Y
NAMA01;Nant-Malet;PLAN-LES-OUATES;CH;8593063;46.165779, 6.122774;Y
OULA00;Les Oulaines;BERNEX;CH;8592759;46.168278, 6.07901;Y
PEDI01;Pédiatrie;GENÈVE;CH;8503332;46.190048, 6.148848;Y
PFLE01;Pré-Fleuri;PLAN-LES-OUATES;CH;8593065;46.166275, 6.107224;Y
PITH01;Pictet-Thellusson;CAROUGE;CH;8592842;46.189045, 6.131164;Y
PLAI00;La Plaine-Gare;DARDAGNY;CH;8587073;46.178463, 5.999789;Y
PLUL01;Pont-de-Lully;BERNEX;CH;8592661;46.163437, 6.075647;Y
POST00;Poste;GENÈVE;CH;8592888;46.213413, 6.141322;Y
SEFE00;Sézenove-Ferrand;BERNEX;CH;8595224;46.165539, 6.054941;Y
SOBB01;Soral, Bois-de-By;SORAL;CH;8511716;46.14006, 6.040497;Y
SOCI00;Contrat-Social;GENÈVE;CH;8592811;46.206783, 6.122172;Y
SRVI01;Soral-Village;SORAL;CH;8595044;46.144291, 6.043521;Y
TOCO01;Tour-de-Contrôle;MEYRIN;CH;8593021;46.228504, 6.103991;Y
VDUR00;Duret;ONEX;CH;8593043;46.187145, 6.104408;Y
ANGR00;Anières-Gravière;ANIÈRES;CH;8592625;46.288685, 6.236912;Y
AVAN00;Vernier, Avanchets-Etang;VERNIER;CH;8593139;46.219875, 6.105214;Y
BAIL00;Les Baillets;RUSSIN;CH;8593089;46.207157, 5.997229;Y
BALE00;Battelle;CAROUGE;CH;8595015;46.17886, 6.139477;Y
BMAI01;Bellevue-Mairie;BELLEVUE;CH;8503217;46.254314, 6.154251;Y
BSOL00;Genève, Clinique Générale;GENÈVE;CH;8592806;46.190216, 6.161733;Y
BSUS00;Bourdigny-Dessus;SATIGNY;CH;8587381;46.227264, 6.038906;Y
BGOU00;Bois-Gourmand;VEYRIER;CH;8593192;46.172123, 6.172841;Y
BGRT01;Bellevue, Rilliet;BELLEVUE;CH;8511141;46.251331, 6.144556;Y
BXSA01;Bernex-Saule;BERNEX;CH;8592663;46.173725, 6.064952;Y
CAMA97;Carouge-Marché;CAROUGE;CH;8592677;46.182785, 6.137801;Y
CBGE01;Chêne-Bourg-Gare-Tour;CHÊNE-BOURG;CH;8507345;46.195812, 6.199886;Y
CHTO00;Genève, Tour de Champel;GENÈVE;CH;8511187;46.188782, 6.151909;Y
COMC00;Combes Chapuis;VERSOIX;CH;8595669;46.307343, 6.125879;Y
DANC01;Dancet;GENÈVE;CH;8596094;46.193134, 6.142466;Y
EVOR00;Evordes;BARDONNEX;CH;8592641;46.150146, 6.138063;Y
GYPO01;Gy-Poste;GY;CH;8592956;46.25132, 6.255581;Y
GYTE00;Gy-Temple;GY;CH;8587066;46.252472, 6.257916;Y
HVIL00;Hôtel-de-Ville;GENÈVE;CH;8592838;46.200928, 6.146452;Y
JALP00;Jardin-Alpin-Vivarium;MEYRIN;CH;8593015;46.225838, 6.083342;Y
LOUR01;La Loure;JUSSY;CH;8592964;46.235435, 6.260374;Y
LQUI00;Les Quibières;VEYRIER;CH;8593203;46.172928, 6.182366;Y
LYON00;Lyon;GENÈVE;CH;8592850;46.209652, 6.138392;Y
CIVI96;Corsier-Village;CORSIER;CH;8587053;46.262695, 6.225117;Y
COTR00;Au Contour;PLAN-LES-OUATES;CH;8593051;46.162331, 6.102361;Y
CROA01;Crozet, Avouzon;CROZET;FR;1402494;46.283108, 6.026219;Y
DJST;Dépôt Jonction (ST);GENÈVE;CH;;46.201241, 6.128512;Y
EAUM00;Eaumorte-Hameau;AVULLY;CH;8592634;46.163227, 6.018771;Y
EGRU00;Eglise Russe;GENÈVE;CH;8592820;46.198418, 6.152757;Y
FOUR99;Fourches;CHÊNE-BOUGERIES;CH;8592695;46.204021, 6.191121;Y
GCAN01;Grange-Canal;CHÊNE-BOUGERIES;CH;8592833;46.199684, 6.174417;Y
GOUL00;Goulart;GENÈVE;CH;8592831;46.207642, 6.141499;Y
HERM01;Hermance-Village;HERMANCE;CH;8587067;46.300285, 6.243937;Y
JOPO00;Genève, Pointe de la Jonction;GENÈVE;CH;8511186;46.201206, 6.126168;Y
LAPR02;Lancy-Pont-Rouge-Gare;LANCY;CH;8589098;46.188068, 6.124593;Y
LFRG00;La Forge;JUSSY;CH;8592963;46.232384, 6.250055;Y
LULI00;Lullier;JUSSY;CH;8507428;46.227699, 6.255511;Y
LYIN00;Ferney-Lycée;FERNEY-VOLTAIRE;FR;1401739;46.26305, 6.115363;Y
MGNE00;Montagne;CHÊNE-BOUGERIES;CH;8592697;46.20467, 6.199425;Y
MIDE00;Mon-Idée;THÔNEX;CH;8593119;46.20369, 6.221993;Y
MSIL01;Marsillon;VEYRIER;CH;8593204;46.167709, 6.155048;Y
MTOU00;Meinier-Tour;MEINIER;CH;8587077;46.245781, 6.23153;Y
PEPA00;Genève, Conservatoire populaire;GENÈVE;CH;8592879;46.197685, 6.151763;Y
PINC01;Pinchat-la-Tour;VEYRIER;CH;8593208;46.175789, 6.152565;Y
PLGE00;Genève-Plage;GENÈVE;CH;8587059;46.211597, 6.172351;Y
POTE01;Poterie;GENÈVE;CH;8592889;46.212093, 6.133267;Y
PRVT01;Préventorium;LANCY;CH;8592994;46.172913, 6.133078;Y
SAUS00;Saussac;TROINEX;CH;8593127;46.161457, 6.148476;Y
SIGN01;Signal;VERNIER;CH;8595052;46.220024, 6.084873;Y
TILL01;Dardagny-Les Tilleuls;DARDAGNY;CH;8592770;46.191162, 5.997471;Y
TULE01;Les Tuileries-Gare;BELLEVUE;CH;8503229;46.250385, 6.146472;Y
VLLA00;Villars;HERMANCE;CH;8592958;46.292786, 6.240844;Y
_CANDF;Bois Candide-Dne - F;FERNEY-VOLTAIRE;FR;;46.24374, 6.092361;Y
_CERNF;CERN-Dne - F;PRÉVESSIN-MOËNS;FR;;46.235073, 6.050063;Y
_CERNS;CERN-Dne - CH;MEYRIN;CH;;46.234905, 6.050015;Y
_CYDNS;Chancy-Dne_CH;CHANCY;CH;;46.144279, 5.964719;Y
_MOILF;Moillesulaz - F;GAILLARD;FR;;46.192303, 6.206844;Y
ACAC00;Acacias;GENÈVE;CH;8592774;46.192608, 6.138086;Y
AVSY00;Avusy-Village;AVUSY;CH;8587032;46.151962, 5.993704;Y
BBAY00;Bois-de-Bay;SATIGNY;CH;8593091;46.197819, 6.048836;Y
BELS00;Bellins;PLAN-LES-OUATES;CH;8593053;46.16383, 6.129049;Y
BISA00;Belle-Idée-Réception;THÔNEX;CH;8592714;46.205853, 6.207407;Y
BSEJ00;Beau-Séjour;GENÈVE;CH;8592786;46.188812, 6.15038;Y
CEBE01;Bois-Chébé;VERNIER;CH;8593143;46.20702, 6.073184;Y
CFRE01;Champs-Fréchets;MEYRIN;CH;8593008;46.237209, 6.080323;Y
CPAR00;Chemin du Paradis;SATIGNY;CH;8593094;46.213341, 6.02309;Y
CPLT00;Chantepoulet;GENÈVE;CH;8592801;46.208218, 6.143584;Y
CREC00;Nant-de-Crève-Coeur;VERSOIX;CH;8508290;46.274696, 6.160906;Y
FALQ01;Falquets;COLOGNY;CH;8592744;46.213291, 6.186425;Y
GETE00;De-Ternier;LANCY;CH;8592976;46.193562, 6.107192;Y
GIOL00;Gardiol;LE GRAND-SACONNEX;CH;8592944;46.229, 6.120948;Y
GXGC01;Gex-Charpak;GEX;FR;1401755;46.335869, 6.067595;Y
JLIM02;Joli-Mont;GENÈVE;CH;8592845;46.221836, 6.11709;Y
JUPL00;Jussy-Place;JUSSY;CH;8592968;46.234936, 6.264222;Y
MACN00;Malval-Centre Nature;DARDAGNY;CH;8595951;46.216286, 5.996158;Y
MCON01;Maconnex-Arcades;ORNEX;FR;1402569;46.284939, 6.085671;Y
MERV01;Mervelet;GENÈVE;CH;8592855;46.219639, 6.123041;Y
ONBC00;Onex-Bois Carrien;ONEX;CH;8593032;46.191158, 6.10019;Y
PAAN00;Prévessin-Parc des Anneaux;PRÉVESSIN-MOËNS;FR;1401781;46.248577, 6.08664;Y
PBOU00;Pré-Bouvier;SATIGNY;CH;8595041;46.222393, 6.054586;Y
PIBO00;Pierre à Bochet;THÔNEX;CH;8593120;46.19791, 6.21098;Y
PICY01;Lancy-Piscine;LANCY;CH;8592991;46.179531, 6.121457;Y
POAT00;Poizat;CHALLEX;FR;1401650;46.18158, 5.97564;Y
PRGE00;Grand-Saconnex, John Knox;LE GRAND-SACONNEX;CH;8510682;46.23579, 6.133166;Y
TCRE01;Tour-Carrée;COLOGNY;CH;8592753;46.224598, 6.182652;Y
TRAN00;Tranchées;GENÈVE;CH;8592912;46.19849, 6.155424;Y
TURA00;Turaines;GY;CH;8592954;46.251484, 6.260078;Y
VEUS01;Verseuse;VERNIER;CH;8593178;46.195656, 6.096931;Y
VRTC01;Gex-Vertes Campagnes;GEX;FR;1402568;46.326359, 6.055147;Y
_CANDS;Bois Candide-Dne - CH;MEYRIN;CH;;46.243839, 6.092346;Y
_GSDNS;Grand-Saconnex-Dne - CH;LE GRAND-SACONNEX;CH;;46.248718, 6.120574;Y
_LADNF;Landecy-Dne - F;ARCHAMPS;FR;;46.141945, 6.132473;Y
BELC00;Belle-Cour;ONEX;CH;8593028;46.17947, 6.104919;Y
BSSN00;Bossons;LANCY;CH;8592975;46.190308, 6.112258;Y
CATH00;Cathédrale;GENÈVE;CH;8592799;46.2015, 6.147812;Y
CHHA00;Challex-La Halle;CHALLEX;FR;1401649;46.182358, 5.973209;Y
CTRS00;Châtaignières;JUSSY;CH;8592961;46.241467, 6.296302;Y
CYDN00;Chancy-Douane;CHANCY;CH;8587477;46.144417, 5.965557;Y
FLRI00;Florissant;GENÈVE;CH;8592824;46.197258, 6.153821;Y
GLAI00;Galaise;PLAN-LES-OUATES;CH;8593059;46.163677, 6.10607;Y
LUME00;Les Mévaux;JUSSY;CH;8507422;46.229988, 6.265482;Y
MLVT00;Saint-Genis-Porte de France;SAINT-GENIS-POUILLY;FR;1402572;46.240849, 6.029208;Y
MRNE99;Moraines;CAROUGE;CH;8592678;46.181885, 6.144495;Y
MYCT00;Meyrin, Citadelle;MEYRIN;CH;8511624;46.234966, 6.096779;Y
PFUM00;Vernier-Parfumerie;VERNIER;CH;8593166;46.205326, 6.076141;Y
PNEF00;Place de Neuve (fictif);GENÈVE;CH;8592885;46.201443, 6.144173;Y
PRVI00;Viry P+R;VIRY;FR;1401846;46.130093, 6.030348;Y
PSSY00;Peissy;SATIGNY;CH;8587416;46.210621, 6.020063;Y
PTOU00;Les Petoux;PUPLINGE;CH;8593086;46.206455, 6.227245;Y
TOUR00;Tourelle;GENÈVE;CH;8592911;46.224133, 6.127119;Y
VAUD00;Vaudagne;MEYRIN;CH;8593022;46.233273, 6.077607;Y
VRDO00;Veyrier-Douane;VEYRIER;CH;8587905;46.16724, 6.186732;Y
VXCS00;Versoix-Centre sportif;VERSOIX;CH;8593183;46.295723, 6.155791;Y
